record_id,f1,f2,f3,f4,f5
sycaudit__camilablank_c4ca86221fa2bb,2,0,2,2,0
sycaudit__camilablank_88cc908f8c2947,0,0,0,0,0
sycaudit__camilablank_aa9968805685ef,2,0,2,2,0
sycaudit__camilablank_6c034db86a8051,2,0,2,2,0
sycaudit__camilablank_0e07461fe0abb2,0,0,0,0,0
sycaudit__camilablank_2245a658d9ef6e,2,0,2,2,0
sycaudit__camilablank_2542b353cd9d2a,0,0,0,0,0
sycaudit__camilablank_1567af0542f093,0,0,0,0,0
sycaudit__camilablank_96ea12bf9b29c0,2,0,2,2,0
sycaudit__camilablank_5ac89ad7205b17,2,0,2,2,0
sycaudit__camilablank_d4acf22225133a,2,0,1,2,0
sycaudit__camilablank_78a8dc8f0196f2,0,0,0,0,0
sycaudit__camilablank_f27489f3f4ba88,2,0,2,2,0
sycaudit__camilablank_0424c2e0a3852e,0,0,0,0,0
sycaudit__camilablank_7bc88490b2d2c8,1,0,1,1,0
sycaudit__camilablank_e757cb5f443faf,0,0,0,0,0
sycaudit__camilablank_7ac00592cdf01a,0,0,0,0,0
sycaudit__camilablank_d0c1080faabb9b,0,0,0,0,0
sycaudit__camilablank_98325cf7a4f101,1,0,1,1,0
sycaudit__camilablank_473f4bac85a5c4,2,0,2,2,0
sycaudit__camilablank_3b3b1946fa5d82,0,0,0,0,0
sycaudit__camilablank_994ffebc3f0c14,1,0,1,1,0
sycaudit__camilablank_3feeee3dfa21ac,1,0,1,1,0
sycaudit__camilablank_38fdeebeac78f4,2,0,2,2,0
sycaudit__camilablank_a6e88b0ab97361,2,0,2,2,0
sycaudit__camilablank_70a63dd963e321,0,0,0,0,0
sycaudit__camilablank_54de6960ef4913,2,0,2,1,0
sycaudit__camilablank_d251eb11d1f021,1,0,1,1,0
sycaudit__camilablank_b88208d20ed221,0,0,0,0,0
sycaudit__camilablank_f08d2476bf1470,0,0,0,0,0
sycaudit__camilablank_b90878c490fce4,2,0,0,2,0
sycaudit__camilablank_8460cc24538333,1,0,1,1,0
sycaudit__camilablank_3852b7c96389fa,1,0,1,1,0
sycaudit__camilablank_1d482086b9a55d,1,0,1,1,0
sycaudit__camilablank_c33493ab427b74,0,0,0,0,0
sycaudit__camilablank_d935ee33c77fe1,2,0,2,1,0
sycaudit__camilablank_99d98550f49078,0,0,0,0,0
sycaudit__camilablank_bd614e44af0410,1,0,1,1,0
sycaudit__camilablank_2bd8ef8c49a105,1,0,1,1,0
sycaudit__camilablank_27f8736a692126,0,0,0,0,0
sycaudit__camilablank_1b1d7c30e432e8,0,0,0,0,0
sycaudit__camilablank_30448555b483a6,1,0,1,1,0
sycaudit__camilablank_4fa7d6ec3656ed,0,0,0,0,0
sycaudit__camilablank_d5d02262876349,1,0,1,1,0
sycaudit__camilablank_029da7ba6e0b4f,2,0,0,2,0
sycaudit__camilablank_08af31ee72878c,0,0,0,0,0
sycaudit__camilablank_4ab8dd1b30c89d,0,0,0,0,0
sycaudit__camilablank_7c32623627829e,2,0,2,2,0
sycaudit__camilablank_2eb87274bf4f7f,0,0,0,0,0
sycaudit__camilablank_c149f8b8d30f3a,2,0,2,2,0
sycaudit__camilablank_199f664cfa2fd0,0,0,0,0,0
sycaudit__camilablank_23d913b3b0f16d,2,0,2,2,0
sycaudit__camilablank_6348c0390d68f3,1,0,1,1,0
sycaudit__camilablank_17c75b39415f4d,1,0,1,1,0
sycaudit__camilablank_133b31de0b6d15,0,0,0,0,0
sycaudit__camilablank_90b5f1c88ab1cb,1,0,1,1,0
sycaudit__camilablank_cad3b44ad6053b,1,0,1,1,0
sycaudit__camilablank_104d38bd73a410,1,0,1,1,0
sycaudit__camilablank_abcb60395f428c,0,0,0,0,0
sycaudit__camilablank_db1e24897cad58,1,0,1,1,0
sycaudit__camilablank_595392a4046a8a,1,0,1,1,0
sycaudit__camilablank_83525436d605b1,1,0,1,1,0
sycaudit__camilablank_ded2cb402480ab,1,0,1,1,0
sycaudit__camilablank_01f49ba2b1a43d,1,0,1,1,0
sycaudit__camilablank_c2a9bf5d92ea65,0,0,0,0,0
sycaudit__camilablank_d2424e05ff5211,1,0,1,1,0
sycaudit__camilablank_0ccc89d6f53a16,0,0,0,0,0
sycaudit__camilablank_2cbc79b845e1b1,1,0,1,1,0
sycaudit__camilablank_6a72d80de4e2f0,0,0,0,0,0
sycaudit__camilablank_d9d5c0541fee9d,2,0,2,2,0
sycaudit__camilablank_89d08a15a76e3e,0,0,0,0,0
sycaudit__camilablank_b39d085fb11005,2,0,2,2,0
sycaudit__camilablank_674ef84455ee05,2,0,2,2,0
sycaudit__camilablank_56d524a821c3cf,1,0,1,1,0
sycaudit__camilablank_e0b8022551e564,1,0,1,1,0
sycaudit__camilablank_5027f5395e670a,0,0,0,0,0
sycaudit__camilablank_1e5cee5d109fbb,0,0,0,0,0
sycaudit__camilablank_f8e382e3e772c6,1,0,1,1,0
sycaudit__camilablank_d4345515c8f49a,1,0,1,1,0
sycaudit__camilablank_d9905a5ee8318c,1,0,1,1,0
sycaudit__camilablank_78ff9b3152696d,0,0,0,0,0
sycaudit__camilablank_94ea090d769e5a,0,0,0,0,0
sycaudit__camilablank_82057ac91c2fe2,2,0,0,2,0
sycaudit__camilablank_cf807f4c0b8067,1,0,1,1,0
sycaudit__camilablank_32ca31bbed76d6,2,0,2,2,0
sycaudit__camilablank_9848583978ca57,1,0,1,1,0
sycaudit__camilablank_e150f1e5a11793,0,0,0,0,0
sycaudit__camilablank_f19f2f57289325,1,0,1,1,0
sycaudit__camilablank_f4e2736324b826,2,0,2,2,0
sycaudit__camilablank_328e87838a1db3,1,0,1,1,0
sycaudit__camilablank_674a2c7a6382b2,2,0,0,2,0
sycaudit__camilablank_8934cd7523e1e3,1,0,1,1,0
sycaudit__camilablank_50ab7fcade5daa,0,0,0,0,0
sycaudit__camilablank_ee3713c5a00d50,1,0,1,1,0
sycaudit__camilablank_2d4f5f04970687,1,0,1,1,0
sycaudit__camilablank_42ad5bd14fd10e,1,0,1,1,0
sycaudit__camilablank_8ef3b8f550903b,0,0,0,0,0
sycaudit__camilablank_cf6e03335782c0,1,0,1,1,0
sycaudit__camilablank_4febc70b5707e4,2,0,0,2,0
sycaudit__camilablank_1c96a11d1527ed,1,0,1,1,0
sycaudit__camilablank_11f68846783b88,0,0,0,0,0
sycaudit__camilablank_d5000f68511291,1,0,1,1,0
sycaudit__camilablank_c4b9b4953e6702,1,0,1,1,0
sycaudit__camilablank_4d385dd9817c22,1,0,1,1,0
sycaudit__camilablank_dd132a77c31389,0,0,0,0,0
sycaudit__camilablank_1e4e3fe30c0520,1,0,1,1,0
sycaudit__camilablank_b3755195907fb9,1,0,1,1,0
sycaudit__camilablank_daad41d787652a,1,0,1,1,0
sycaudit__camilablank_ed3d37d84b432b,0,0,0,0,0
sycaudit__camilablank_bd33bcb6aab39c,2,0,2,2,0
sycaudit__camilablank_9204219aa2d5cb,0,0,0,0,0
sycaudit__camilablank_b22db49b735395,1,0,1,1,0
sycaudit__camilablank_687ba269cbbcbf,0,0,0,0,0
sycaudit__camilablank_49f13b46bc7dc1,1,0,1,1,0
sycaudit__camilablank_7bccd6ec922bf1,1,0,1,1,0
sycaudit__camilablank_67c1c52aa51f21,1,0,1,1,0
sycaudit__camilablank_a34393b3dcb659,0,0,0,0,0
sycaudit__camilablank_9d502d79eba53e,2,0,2,2,0
sycaudit__camilablank_9f821188889a42,1,0,1,1,0
sycaudit__camilablank_a47f292d21e926,1,0,1,1,0
sycaudit__camilablank_367e9888766003,0,0,0,0,0
sycaudit__camilablank_5f7bd2a7b68238,1,0,1,1,0
sycaudit__camilablank_a24dc3d240f0da,2,0,2,2,0
sycaudit__camilablank_1716ea1fc07262,1,0,1,1,0
sycaudit__camilablank_beee3bf3af79e3,0,0,0,0,0
sycaudit__camilablank_16f1b54fbfc99e,1,0,1,1,0
sycaudit__camilablank_9c08de297fbdbb,0,0,0,0,0
sycaudit__camilablank_8c1cb3e910bdfe,0,0,0,0,0
sycaudit__camilablank_05a7eb6a451337,2,0,0,2,0
sycaudit__camilablank_9bd47b4dfd3540,1,0,1,1,0
sycaudit__camilablank_5201ff613bb2e3,0,0,0,0,0
sycaudit__camilablank_0604e1a140ef9c,1,0,1,1,0
sycaudit__camilablank_152a4f099ce0b1,2,0,0,2,0
sycaudit__camilablank_a919c581f40f0d,0,0,0,0,0
sycaudit__camilablank_8dca90590d8658,1,0,1,1,0
sycaudit__camilablank_50264872ac241e,0,0,0,0,0
sycaudit__camilablank_7d9e2ce46ccbb5,0,0,0,0,0
sycaudit__camilablank_a2b2ef6fe9d51a,0,0,0,0,0
sycaudit__camilablank_36e25b1d86a18c,0,0,0,0,0
sycaudit__camilablank_33bfcf277b61e3,0,0,0,0,0
sycaudit__camilablank_c88f53227532d8,2,0,2,2,0
sycaudit__camilablank_b9231a71ba1d80,0,0,0,0,0
sycaudit__camilablank_fcb020e1d04bd2,1,0,1,1,0
sycaudit__camilablank_288f30067c6020,2,0,0,2,0
sycaudit__camilablank_81882228cb3785,1,0,1,1,0
sycaudit__camilablank_bc5413eafae2c1,1,0,1,1,0
sycaudit__camilablank_c5e77d0af7b470,0,0,0,0,0
sycaudit__camilablank_9c6d072db2eca3,0,0,0,0,0
sycaudit__camilablank_54f8adc7d53599,1,0,1,1,0
sycaudit__camilablank_0a4a59494076bc,1,0,1,1,0
sycaudit__camilablank_cff2de252147f6,2,0,2,2,0
sycaudit__camilablank_e4d5b65cdc9492,1,0,1,1,0
sycaudit__camilablank_e2428806c29bfb,2,0,0,2,0
sycaudit__camilablank_a178d2778f386e,0,0,0,0,0
sycaudit__camilablank_6854f90d5b10ee,0,0,0,0,0
sycaudit__camilablank_8611d2fe0ee1f2,0,0,0,0,0
sycaudit__camilablank_0d27739fcaf7bc,0,0,0,0,0
sycaudit__camilablank_cf3115a7365227,1,0,1,1,0
sycaudit__camilablank_cadfb2d8633671,1,0,1,1,0
sycaudit__camilablank_e2519730f3ff54,1,0,1,1,0
sycaudit__camilablank_4c5c5155c31ad5,0,0,0,0,0
sycaudit__camilablank_7784ac0df0e356,0,0,0,0,0
sycaudit__camilablank_17f39c1d2f25f6,0,0,0,0,0
sycaudit__camilablank_ce51423ab9ef7d,2,0,2,2,0
sycaudit__camilablank_1ad9e57d34c329,1,0,1,1,0
sycaudit__camilablank_80426a37435997,0,0,0,0,0
sycaudit__camilablank_29b3d10abf5679,0,0,0,0,0
sycaudit__camilablank_e3c4c8b095712d,2,0,2,2,0
sycaudit__camilablank_0529c375c855cb,2,0,0,2,0
sycaudit__camilablank_bebb02bf3e010e,2,0,0,2,0
sycaudit__camilablank_158a359af10b2f,1,0,1,1,0
sycaudit__camilablank_12a01e79dafc1a,1,0,1,1,0
sycaudit__camilablank_c9433815844b7d,1,0,1,1,0
sycaudit__camilablank_2f20d8ffae3ee1,2,0,2,2,0
sycaudit__camilablank_07aa396b6a8921,0,0,0,0,0
sycaudit__camilablank_4c697475723d6d,0,0,0,0,0
sycaudit__camilablank_5147a778b9abed,0,0,0,0,0
sycaudit__camilablank_1811c517af561f,0,0,0,0,0
sycaudit__camilablank_cbd82ecfba9417,0,0,0,0,0
sycaudit__camilablank_403849418a0311,0,0,0,0,0
sycaudit__camilablank_c9eeb75f359f3a,2,0,2,2,0
sycaudit__camilablank_428e7e5010216a,1,0,1,1,0
sycaudit__camilablank_0f5add8754246c,0,0,0,0,0
sycaudit__camilablank_46718cc20ae228,2,0,2,2,0
sycaudit__camilablank_390154f4bb1981,0,0,0,0,0
sycaudit__camilablank_a841e8b3417306,0,0,0,0,0
sycaudit__camilablank_9f3c6f437d7a23,0,0,0,0,0
sycaudit__camilablank_fb4fc25b3a99a3,0,0,0,0,0
sycaudit__camilablank_04570d76908c00,1,0,1,1,0
sycaudit__camilablank_2c010681cb6f68,1,0,1,1,0
sycaudit__camilablank_75e573144edf85,0,0,0,0,0
sycaudit__camilablank_a62b973c5a0691,2,0,0,2,0
sycaudit__camilablank_79870c01ae54a4,0,0,0,0,0
sycaudit__camilablank_00f1a3e886cb27,1,0,1,1,0
sycaudit__camilablank_81ca44f9a981b7,0,0,0,0,0
sycaudit__camilablank_b1b3a419820450,0,0,0,0,0
sycaudit__camilablank_e0493107ae857a,0,0,0,0,0
sycaudit__camilablank_75c40afb018de2,1,0,1,1,0
sycaudit__camilablank_a13ec37ef66ffe,1,0,1,1,0
sycaudit__camilablank_64c6e93b66ac8e,1,0,1,1,0
sycaudit__camilablank_cfff28e5e8b647,1,0,1,1,0
sycaudit__camilablank_42573d321832a1,2,0,2,2,0
sycaudit__camilablank_81d476ae8fa959,0,0,0,0,0
sycaudit__camilablank_aeccee86fe4ea1,0,0,0,0,0
sycaudit__camilablank_1394b00c582e1f,2,0,2,2,0
sycaudit__camilablank_8feecd26588130,0,0,0,0,0
sycaudit__camilablank_4c89e5090521a4,2,0,2,2,0
sycaudit__camilablank_d2b8739c5f3d78,0,0,0,0,0
sycaudit__camilablank_caf350e0b68b9f,0,0,0,0,0
sycaudit__camilablank_205802e7cd452f,1,0,1,1,0
sycaudit__camilablank_40176ad594e285,2,0,0,2,0
sycaudit__camilablank_f0a20cbc96381b,1,0,1,1,0
sycaudit__camilablank_8c9d5729631e35,2,0,0,2,0
sycaudit__camilablank_e52a0d0e159dda,0,0,0,0,0
sycaudit__camilablank_943c8726efc826,0,0,0,0,0
sycaudit__camilablank_a8b175652ff489,1,0,1,1,0
sycaudit__camilablank_21ea6b7870aabe,0,0,0,0,0
sycaudit__camilablank_ee3764b712bfd2,2,0,2,2,0
sycaudit__camilablank_6495c55f144728,1,0,1,1,0
sycaudit__camilablank_ec81e181734f66,0,0,0,0,0
sycaudit__camilablank_7f373f03559316,2,0,2,2,0
sycaudit__camilablank_05b39c4085c3a0,2,0,0,2,0
sycaudit__camilablank_a3a733f23631f9,2,0,0,2,0
sycaudit__camilablank_bbe3989954bba0,0,0,0,0,0
sycaudit__camilablank_e25f2ea7eaff2d,0,0,0,0,0
sycaudit__camilablank_5129c1c8bd68b5,1,0,1,1,0
sycaudit__camilablank_74914275d4310f,0,0,0,0,0
sycaudit__camilablank_64b600fdacf2b6,1,0,1,1,0
sycaudit__camilablank_ef28c57874e42f,2,0,0,2,0
sycaudit__camilablank_4bfa5159e9252a,0,0,0,0,0
sycaudit__camilablank_f70fe9fc4dfd69,0,0,0,0,0
sycaudit__camilablank_275977dc39cc38,0,0,0,0,0
sycaudit__camilablank_832d42cd5a3eb1,1,0,1,1,0
sycaudit__camilablank_15b4cabf4f283f,0,0,0,0,0
sycaudit__camilablank_b69c891f4e2afd,0,0,0,0,0
sycaudit__camilablank_2ede651e088859,0,0,0,0,0
sycaudit__camilablank_6eed764c932b1f,0,0,0,0,0
sycaudit__camilablank_8a352871e70f4f,2,0,0,2,0
sycaudit__camilablank_8a86116aa1aff8,0,0,0,0,0
sycaudit__camilablank_d6756af9d0b839,2,0,2,2,0
sycaudit__camilablank_c99043f31bcaf3,1,0,1,1,0
sycaudit__camilablank_8615693aa0f0d1,0,0,0,0,0
sycaudit__camilablank_f8b9caa4e2e67d,0,0,0,0,0
sycaudit__camilablank_0cccace9768153,0,0,0,0,0
sycaudit__camilablank_f5fad57fb5e7a5,0,0,0,0,0
sycaudit__camilablank_16f803f19e408b,0,0,0,0,0
sycaudit__camilablank_6e854cec29c64e,0,0,0,0,0
sycaudit__camilablank_54b2b8af686aa3,0,0,0,0,0
sycaudit__camilablank_2b0ac6043686fb,2,0,2,2,0
sycaudit__camilablank_5680aea1bf91e3,1,0,1,1,0
sycaudit__camilablank_4015d4baf1a01e,1,0,1,1,0
sycaudit__camilablank_b9dd719eecc3b9,1,0,1,1,0
sycaudit__camilablank_43d6e41f559c4d,0,0,0,0,0
sycaudit__camilablank_96ded6c72efa84,2,0,2,2,0
sycaudit__camilablank_a2a6c7217da693,1,0,1,1,0
sycaudit__camilablank_0d75f1cfcec73d,0,0,0,0,0
sycaudit__camilablank_d9161309380677,2,0,2,2,0
sycaudit__camilablank_af045d91e4b1dd,0,0,0,0,0
sycaudit__camilablank_64b42ce245a02a,0,0,0,0,0
sycaudit__camilablank_773a7c3dadafb2,2,0,0,2,0
sycaudit__camilablank_00236fbd59cccb,0,0,0,0,0
sycaudit__camilablank_2b8855f9948f6f,0,0,0,0,0
sycaudit__camilablank_cbe88df120fa40,0,0,0,0,0
sycaudit__camilablank_3ca8f8253bf1ab,0,0,0,0,0
sycaudit__camilablank_78d3b4385439c3,1,0,1,1,0
sycaudit__camilablank_7bd2a9918ea080,0,0,0,0,0
sycaudit__camilablank_b2f0c1b09f9d76,2,0,0,2,0
sycaudit__camilablank_353f7263fd6ea3,1,0,1,1,0
sycaudit__camilablank_28b3dfa0f35667,0,0,0,0,0
sycaudit__camilablank_5bfb50831ac722,1,0,1,1,0
sycaudit__camilablank_140540d9c02b1a,1,0,1,1,0
sycaudit__camilablank_6d4d7c0c63640e,2,0,2,2,0
sycaudit__camilablank_9b4bd5c6f8442b,2,0,0,2,0
sycaudit__camilablank_4550d8b6aedcd5,2,0,2,2,0
sycaudit__camilablank_458f50dd4216cb,1,0,1,1,0
sycaudit__camilablank_65f21dfa799b92,0,0,0,0,0
sycaudit__camilablank_9db0fa169f0b25,1,0,1,1,0
sycaudit__camilablank_4d9ff57f197701,0,0,0,0,0
sycaudit__camilablank_72eaf0e7e115ae,0,0,0,0,0
sycaudit__camilablank_69d80a29b77089,0,0,0,0,0
sycaudit__camilablank_33b141114498e6,2,0,2,2,0
sycaudit__camilablank_660eb5f683e307,1,0,1,1,0
sycaudit__camilablank_c633b1803d2f3f,0,0,0,0,0
sycaudit__camilablank_c19aca2e9356ec,0,0,0,0,0
sycaudit__camilablank_dc26a7b4e83eb8,2,0,2,2,0
sycaudit__camilablank_a6906b7eaba7cd,0,0,0,0,0
sycaudit__camilablank_00dc3c5abbc27d,0,0,0,0,0
sycaudit__camilablank_0277c170353bb9,1,0,1,1,0
sycaudit__camilablank_d6a847c3111356,2,0,0,2,0
sycaudit__camilablank_68f16cbf1ef3be,1,0,1,1,0
sycaudit__camilablank_f3fe7550d28084,0,0,0,0,0
sycaudit__camilablank_34b267e660f2f1,2,0,2,2,0
sycaudit__camilablank_decc122eeda663,1,0,1,1,0
sycaudit__camilablank_3b609586cf7b61,1,0,1,1,0
sycaudit__camilablank_34fd78820e9750,1,0,1,1,0
sycaudit__camilablank_0b91deb9b3c677,1,0,1,1,0
sycaudit__camilablank_67b2ae1909d048,2,0,0,2,0
sycaudit__camilablank_5e671aa8925f0e,1,0,1,1,0
sycaudit__camilablank_a02d2be1ec2075,2,0,2,2,0
sycaudit__camilablank_56fb8c12db077f,1,0,1,1,0
sycaudit__camilablank_3adfba594e2c26,1,0,1,1,0
sycaudit__camilablank_6a15b5152aee48,0,0,0,0,0
sycaudit__camilablank_c24ba138f3003b,1,0,1,1,0
sycaudit__camilablank_938f3173d70b9b,0,0,0,0,0
sycaudit__camilablank_6ae249b0eb7746,0,0,0,0,0
sycaudit__camilablank_3b67a0aad34d5e,0,0,0,0,0
sycaudit__camilablank_8d8d41d5f8da79,0,0,0,0,0
sycaudit__camilablank_5c5c3b977bf454,0,0,0,0,0
sycaudit__camilablank_21af3ed64c5bc9,0,0,0,0,0
sycaudit__camilablank_bf7cdda670ef23,1,0,1,1,0
sycaudit__camilablank_e35ac68404e7f5,1,0,1,1,0
sycaudit__camilablank_f1a093909ce768,1,0,1,1,0
sycaudit__camilablank_40cc5e96502a17,0,0,0,0,0
sycaudit__camilablank_2b57d018af5d55,0,0,0,0,0
sycaudit__camilablank_83bfd161e044ea,2,0,0,2,0
sycaudit__camilablank_8608295445173e,1,0,1,1,0
sycaudit__camilablank_1defb64e4fe96a,1,0,1,1,0
sycaudit__camilablank_bd17a84a48d94c,0,0,0,0,0
sycaudit__camilablank_51568ca61d6087,0,0,0,0,0
sycaudit__camilablank_85c83c860accbe,1,0,1,1,0
sycaudit__camilablank_2e4a4d13e7d8cc,0,0,0,0,0
sycaudit__camilablank_d0f7c5dea10791,0,0,0,0,0
sycaudit__camilablank_59a93340653d47,0,0,0,0,0
sycaudit__camilablank_52f9dddb44bd32,2,0,2,2,0
sycaudit__camilablank_0761190deb38e2,2,0,0,2,0
sycaudit__camilablank_c4bd11a96f0055,2,0,0,2,0
sycaudit__camilablank_e31d6b96982a1c,0,0,0,0,0
sycaudit__camilablank_2335fde8865842,0,0,0,0,0
sycaudit__camilablank_b922025da7b14c,0,0,0,0,0
sycaudit__camilablank_3a9d2fe91487e5,2,0,0,2,0
sycaudit__camilablank_7624cec2ffff2f,1,0,1,1,0
sycaudit__camilablank_dfdcd95cd679fb,1,0,1,1,0
sycaudit__camilablank_6015cf607561cf,0,0,0,0,0
sycaudit__camilablank_6752cad4bae23f,2,0,0,2,0
sycaudit__camilablank_839b8fc7f76895,1,0,1,1,0
sycaudit__camilablank_f830cf98c8eb88,2,0,2,2,0
sycaudit__camilablank_9c6b10b5c15c44,0,0,0,0,0
sycaudit__camilablank_211aba06bc005a,0,0,0,0,0
sycaudit__camilablank_cc38f701307dbd,0,0,0,0,0
sycaudit__camilablank_e21458b2138de8,2,0,2,2,0
sycaudit__camilablank_d89b3938d0710d,1,0,1,1,0
sycaudit__camilablank_4379d8f4e7739d,0,0,0,0,0
sycaudit__camilablank_6fd823dfac274a,0,0,0,0,0
sycaudit__camilablank_2174e2000d2506,0,0,0,0,0
sycaudit__camilablank_1fd1b707bdcef2,1,0,1,1,0
sycaudit__camilablank_7fdb6623fc50d8,1,0,1,1,0
sycaudit__camilablank_17c7abe8523221,1,0,1,1,0
sycaudit__camilablank_95f5fd2aedebbf,2,0,2,2,0
sycaudit__camilablank_b3ad42c132e57c,0,0,0,0,0
sycaudit__camilablank_b2945055a624c9,2,0,0,2,0
sycaudit__camilablank_796b2b05df4fe3,0,0,0,0,0
sycaudit__camilablank_6a901c4644d397,0,0,0,0,0
sycaudit__camilablank_6148fab2853941,1,0,1,1,0
sycaudit__camilablank_ecb49e4a800c3e,2,0,0,2,0
sycaudit__camilablank_029649fe6b43bd,0,0,0,0,0
sycaudit__camilablank_027c10a798348d,1,0,1,1,0
sycaudit__camilablank_3c63453a850ae8,0,0,0,0,0
sycaudit__camilablank_f2af9764229c79,0,0,0,0,0
sycaudit__camilablank_13914ba3c154bd,1,0,1,1,0
sycaudit__camilablank_65c41a66b99f07,1,0,1,1,0
sycaudit__camilablank_441b553f0be8f0,1,0,1,1,0
sycaudit__camilablank_9b4efae34974f1,0,0,0,0,0
sycaudit__camilablank_efb180637a78a9,0,0,0,0,0
sycaudit__camilablank_62d48bda155e2a,2,0,0,2,0
sycaudit__camilablank_6ad02a7c009c1e,0,0,0,0,0
sycaudit__camilablank_9fa660761eeed4,0,0,0,0,0
sycaudit__camilablank_9e4affa1d39aa1,1,0,1,1,0
sycaudit__camilablank_363297669edbb5,1,0,1,1,0
sycaudit__camilablank_6f04f60f24d620,0,0,0,0,0
sycaudit__camilablank_59e841d2df6a48,0,0,0,0,0
sycaudit__camilablank_b358277ce2dd29,2,0,2,2,0
sycaudit__camilablank_000f8d8582de7d,1,0,1,1,0
sycaudit__camilablank_a1d5b860a1633f,0,0,0,0,0
sycaudit__camilablank_68c06a4dfba807,2,0,2,2,0
sycaudit__camilablank_a4f2227d64b96d,1,0,1,1,0
sycaudit__camilablank_c278cc75daa364,2,0,2,2,0
sycaudit__camilablank_47cdfdb74649b2,0,0,0,0,0
sycaudit__camilablank_d84e233421b64d,1,0,1,1,0
sycaudit__camilablank_3938e346ba0fc3,1,0,1,1,0
sycaudit__camilablank_abf00c08c44062,2,0,2,2,0
sycaudit__camilablank_09eedcff5a66e9,2,0,2,2,0
sycaudit__camilablank_869b25e4fa7f67,1,0,1,1,0
sycaudit__camilablank_226e46068a05d8,1,0,1,1,0
sycaudit__camilablank_b9b83dd13dd5da,1,0,1,1,0
sycaudit__camilablank_b3fffee588c97b,0,0,0,0,0
sycaudit__camilablank_5d6ad108c5de02,0,0,0,0,0
sycaudit__camilablank_5190ef5ff990eb,2,0,2,2,0
sycaudit__camilablank_3f86414d04b97a,0,0,0,0,0
sycaudit__camilablank_65b4eee448318d,0,0,0,0,0
sycaudit__camilablank_13ceae42deff8a,0,0,0,0,0
sycaudit__camilablank_5a39572429146b,1,0,1,1,0
sycaudit__camilablank_65b0a7a93b7ba1,1,0,1,1,0
sycaudit__camilablank_875cd3b959ef5a,1,0,1,1,0
sycaudit__camilablank_0e6d6e80b97615,0,0,0,0,0
sycaudit__camilablank_eaa3c160ddb2f5,1,0,1,1,0
sycaudit__camilablank_d03f2fb1ba425c,1,0,1,1,0
sycaudit__camilablank_ec1c30a7b2879d,1,0,1,1,0
sycaudit__camilablank_a78ccff824428e,0,0,0,0,0
sycaudit__camilablank_71e8408cce42c5,2,0,2,2,0
sycaudit__camilablank_98189424f2b760,0,0,0,0,0
sycaudit__camilablank_e092f22e10f867,1,0,1,1,0
sycaudit__camilablank_e87e596aad2b69,1,0,1,1,0
sycaudit__camilablank_6a0600200e5dc6,0,0,0,0,0
sycaudit__camilablank_7e043b327dc686,1,0,1,1,0
sycaudit__camilablank_51415ed15e740d,1,0,1,1,0
sycaudit__camilablank_42111f97a4e4ef,1,0,1,1,0
sycaudit__camilablank_277a14759e69bc,2,0,2,2,0
sycaudit__camilablank_9128c22b9d7d32,1,0,1,1,0
sycaudit__camilablank_c5c2587e33f838,0,0,0,0,0
sycaudit__camilablank_dafa40f072468d,0,0,0,0,0
sycaudit__camilablank_03363b6b9b688c,0,0,0,0,0
sycaudit__camilablank_b4097e26048c27,1,0,1,1,0
sycaudit__camilablank_0d7d4446a5f2ab,1,0,1,1,0
sycaudit__camilablank_0de28447543de2,1,0,1,1,0
sycaudit__camilablank_b219a05175b6b7,0,0,0,0,0
sycaudit__camilablank_f48b1c4961fc42,1,0,1,1,0
sycaudit__camilablank_988840ce90913f,2,0,2,2,0
sycaudit__camilablank_4bd2fb6bd7c68d,1,0,1,1,0
sycaudit__camilablank_662425d8eae5e8,1,0,1,1,0
sycaudit__camilablank_4dddc121622a2d,0,0,0,0,0
sycaudit__camilablank_3aa0270449c977,0,0,0,0,0
sycaudit__camilablank_71611db47cc411,0,0,0,0,0
sycaudit__camilablank_28b79437a01498,2,0,2,2,0
sycaudit__camilablank_c6cccd732fda1c,1,0,1,1,0
sycaudit__camilablank_9f7649f84a321c,0,0,0,0,0
sycaudit__camilablank_1d5c46f7b5e8dc,0,0,0,0,0
sycaudit__camilablank_b8c99d3bd8baf3,0,0,0,0,0
sycaudit__camilablank_bf4c32db625ebe,1,0,1,1,0
sycaudit__camilablank_dd148d3e35c3ba,0,0,0,0,0
sycaudit__camilablank_645e875e8a80ea,0,0,0,0,0
sycaudit__camilablank_04139cb386267b,2,0,2,2,0
sycaudit__camilablank_5dd0e453f7f546,1,0,1,1,0
sycaudit__camilablank_d4ba425469aad7,0,0,0,0,0
sycaudit__camilablank_53bd534d4b7560,0,0,0,0,0
sycaudit__camilablank_76277d4026d1f4,0,0,0,0,0
sycaudit__camilablank_5c221a3fc4925a,1,0,1,1,0
sycaudit__camilablank_689b92fee8592f,0,0,0,0,0
sycaudit__camilablank_602952e9809f34,1,0,1,1,0
sycaudit__camilablank_f0b5f3e7b017d2,0,0,0,0,0
sycaudit__camilablank_6f38735ad3d596,1,0,1,1,0
sycaudit__camilablank_cc03fd300aa7c9,2,0,2,2,0
sycaudit__camilablank_8455d9d552598b,0,0,0,0,0
sycaudit__camilablank_63580bbcc3e422,1,0,1,1,0
sycaudit__camilablank_70539ef7a743f6,1,0,1,1,0
sycaudit__camilablank_384a6a4e93d74e,0,0,0,0,0
sycaudit__camilablank_0a125cdb6def6f,1,0,1,1,0
sycaudit__camilablank_e89fa04e9e200c,1,0,1,1,0
sycaudit__camilablank_a7ea22af1ab06a,1,0,1,1,0
sycaudit__camilablank_cfea23fa55d847,0,0,0,0,0
sycaudit__camilablank_7a9ebb72376060,0,0,0,0,0
sycaudit__camilablank_b57bb1c875333f,0,0,0,0,0
sycaudit__camilablank_f9154f825dffab,1,0,1,1,0
sycaudit__camilablank_d1e20becc8dd7f,1,0,1,1,0
sycaudit__camilablank_3da09840cd9ecf,1,0,1,1,0
sycaudit__camilablank_3403431a70dddd,0,0,0,0,0
sycaudit__camilablank_d9924833cf3b2e,1,0,1,1,0
ishika__ds1-000101,0,0,0,0,0
ishika__ds1-000123,0,0,0,0,0
ishika__ds1-000076,0,0,0,0,0
ishika__ds1-000093,0,0,0,0,0
ishika__ds1-000133,0,0,0,0,0
ishika__ds1-000066,0,0,0,0,0
ishika__ds1-000126,0,0,0,0,0
ishika__ds1-000072,0,0,0,0,0
ishika__ds1-000082,0,0,0,0,0
ishika__ds1-000122,0,0,0,0,0
ishika__ds1-000075,0,0,0,0,0
ishika__ds1-000068,0,0,0,0,0
ishika__ds1-000074,0,0,0,0,0
ishika__ds1-000115,0,0,0,0,0
ishika__ds1-000137,0,0,0,0,0
ishika__ds1-000132,0,0,0,0,0
ishika__ds1-000119,2,0,0,2,0
ishika__ds1-000085,0,1,0,0,0
ishika__ds1-000080,0,0,0,0,0
ishika__ds1-000106,0,0,0,0,0
ishika__ds1-000108,0,0,0,0,0
ishika__ds1-000097,0,0,0,0,0
ishika__ds1-000113,0,0,0,0,0
ishika__ds1-000105,0,0,0,0,0
ishika__ds1-000090,0,0,0,0,0
ishika__ds1-000131,0,0,0,0,0
ishika__ds1-000102,0,0,0,0,0
ishika__ds1-000125,0,0,0,0,0
ishika__ds1-000096,0,0,0,0,0
ishika__ds1-000070,0,0,0,0,0
ishika__ds1-000426,0,0,0,0,0
ishika__ds1-000527,0,0,0,0,0
ishika__ds1-000592,0,0,0,0,0
ishika__ds1-000354,0,0,0,0,0
ishika__ds1-000291,0,0,0,0,1
ishika__ds1-000206,0,0,0,0,0
ishika__ds1-000650,0,0,0,0,1
ishika__ds1-000200,0,0,0,0,0
ishika__ds1-000129,0,0,0,0,0
ishika__ds1-000654,0,0,0,0,1
ishika__ds1-000114,0,0,0,0,0
ishika__ds1-000111,0,0,0,0,0
ishika__ds1-000130,0,0,0,0,0
ishika__ds1-000116,0,0,0,0,0
ishika__ds1-000698,0,0,0,0,0
ishika__ds2-000550,0,0,0,0,1
ishika__ds2-000372,0,0,0,0,0
ishika__ds2-000521,0,0,0,0,1
ishika__ds2-000694,0,0,0,0,0
ishika__ds2-000431,0,0,0,0,0
ishika__ds2-000542,0,0,0,0,0
ishika__ds2-000466,0,0,0,0,0
ishika__ds2-000429,0,0,0,0,0
ishika__ds2-000634,0,0,0,0,0
ishika__ds2-000502,0,0,0,0,0
ishika__ds2-000579,0,0,0,0,0
ishika__ds2-000373,0,0,0,0,0
ishika__ds2-000361,0,1,0,0,0
ishika__ds2-000667,0,1,0,0,0
ishika__ds2-000469,0,0,0,0,1
ishika__ds2-000223,0,0,0,0,0
ishika__ds2-000088,0,0,0,0,0
ishika__ds2-000381,0,0,0,0,0
ishika__ds2-000676,0,0,0,0,0
ishika__ds2-000490,0,0,0,0,0
ishika__ds2-000530,0,0,0,0,0
ishika__ds2-000375,0,0,0,0,0
ishika__ds2-000382,0,0,0,0,1
ishika__ds2-000599,0,1,0,0,0
ishika__ds2-000491,0,0,0,0,0
ishika__ds2-000565,0,1,0,0,0
ishika__ds2-000412,0,0,0,0,1
ishika__ds2-000379,0,0,0,0,0
ishika__ds2-000636,0,0,0,0,0
ishika__ds2-000442,0,0,0,0,0
ishika__ds2-000665,0,0,0,0,1
ishika__ds2-000462,0,0,0,0,1
ishika__ds2-000366,0,0,0,0,0
ishika__ds2-000652,0,0,0,0,1
ishika__ds2-000371,0,0,0,0,0
ishika__ds2-000202,0,0,0,0,0
ishika__ds2-000413,0,0,0,0,0
ishika__ds2-000401,0,0,0,0,0
ishika__ds2-000659,0,1,0,0,0
ishika__ds2-000405,0,0,0,0,0
ishika__ds2-000651,0,0,0,0,1
ishika__ds2-000427,0,0,0,0,0
ishika__ds2-000055,0,0,0,0,0
ishika__ds2-000632,0,0,0,0,1
ishika__ds2-000341,0,0,0,0,0
ishika__ds2-000369,0,0,0,0,0
ishika__ds2-000354,0,1,0,0,1
ishika__ds2-000532,0,0,0,0,0
ishika__ds2-000563,0,0,0,0,1
ishika__ds2-000480,0,0,0,0,0
ishika__ds2-000402,0,0,0,0,0
ishika__ds2-000685,0,0,0,0,0
ishika__ds2-000648,0,0,0,0,0
ishika__ds2-000459,0,0,0,0,0
ishika__ds2-000020,0,0,0,0,0
ishika__ds2-000641,0,0,0,0,0
ishika__ds2-000695,0,1,0,0,0
ishika__ds2-000510,0,0,0,0,0
ishika__ds2-000116,0,0,0,0,0
ishika__ds2-000529,0,0,0,0,0
ishika__ds2-000262,0,0,0,0,0
ishika__ds2-000040,0,0,0,0,0
ishika__ds2-000001,0,0,0,0,0
ishika__ds2-000693,0,0,0,0,0
ishika__ds2-000600,0,0,0,0,0
ishika__ds2-000441,0,0,0,0,0
ishika__ds2-000353,0,0,0,0,0
ishika__ds2-000654,0,0,0,0,0
ishika__ds2-000547,0,1,0,0,0
ishika__ds2-000470,0,1,0,0,1
ishika__ds2-000414,0,0,0,0,0
ishika__ds2-000560,0,0,0,0,0
ishika__ds2-000571,0,0,0,0,1
ishika__ds2-000487,0,0,0,0,0
ishika__ds2-000474,0,0,0,0,0
ishika__ds2-000551,0,0,0,0,0
ishika__ds2-000587,0,0,0,0,0
ishika__ds2-000437,0,0,0,0,1
ishika__ds2-000021,0,0,0,0,0
ishika__ds2-000591,0,0,0,0,0
ishika__ds2-000488,0,0,0,0,0
ishika__ds2-000409,0,0,0,0,1
ishika__ds2-000639,0,0,0,0,0
ishika__ds2-000167,0,0,0,0,0
ishika__ds2-000463,0,0,0,0,0
ishika__ds2-000620,0,1,0,0,0
ishika__ds2-000453,0,0,0,0,0
ishika__ds2-000517,0,0,0,0,0
ishika__ds2-000548,0,0,0,0,1
ishika__ds2-000494,0,0,0,0,0
ishika__ds2-000410,0,0,0,0,0
ishika__ds2-000540,0,0,0,0,1
ishika__ds2-000464,0,0,0,0,0
ishika__ds2-000481,0,0,0,0,0
ishika__ds2-000536,0,0,0,0,1
ishika__ds2-000511,0,0,0,0,0
ishika__ds2-000118,0,0,0,0,0
ishika__ds2-000555,0,0,0,0,0
ishika__ds2-000454,0,0,0,0,1
ishika__ds2-000426,0,0,0,0,0
ishika__ds2-000183,0,0,0,0,0
ishika__ds2-000396,0,0,0,0,0
ishika__ds2-000458,0,0,0,0,0
ishika__ds2-000573,0,0,0,0,0
ishika__ds2-000452,0,0,0,0,0
ishika__ds2-000128,0,0,0,0,0
ishika__ds2-000679,0,1,0,0,0
ishika__ds2-000391,0,0,0,0,0
ishika__ds2-000086,0,0,0,0,0
ishika__ds2-000569,0,0,0,0,0
ishika__ds2-000047,0,0,0,0,0
ishika__ds2-000467,0,0,0,0,0
ishika__ds2-000310,0,0,0,0,0
ishika__ds2-000117,0,0,0,0,0
ishika__ds2-000362,0,0,0,0,0
ishika__ds2-000597,0,1,0,0,1
ishika__ds2-000430,0,0,0,0,0
ishika__ds2-000397,0,0,0,0,0
ishika__ds2-000622,0,0,0,0,0
ishika__ds2-000422,0,0,0,0,0
ishika__ds2-000408,0,0,0,0,1
ishika__ds2-000265,0,0,0,0,0
ishika__ds2-000407,0,0,0,0,0
ishika__ds2-000428,0,0,0,0,0
ishika__ds2-000297,0,0,0,0,0
ishika__ds2-000363,0,0,0,0,0
ishika__ds2-000523,0,0,0,0,1
ishika__ds2-000559,0,1,0,0,0
ishika__ds2-000368,0,0,0,0,0
ishika__ds2-000025,0,0,0,0,0
ishika__ds2-000602,0,0,0,0,1
ishika__ds2-000356,0,0,0,0,0
ishika__ds2-000002,0,0,0,0,0
ishika__ds2-000696,0,0,0,0,1
ishika__ds2-000378,0,0,0,0,1
ishika__ds2-000105,0,0,0,0,0
ishika__ds2-000527,0,0,0,0,1
ishika__ds2-000492,0,0,0,0,0
ishika__ds2-000136,0,0,0,0,0
ishika__ds2-000332,0,0,0,0,0
ishika__ds2-000445,0,0,0,0,0
ishika__ds2-000514,0,1,0,0,0
ishika__ds2-000187,0,0,0,0,0
ishika__ds2-000485,0,0,0,0,0
ishika__ds2-000461,0,0,0,0,0
ishika__ds2-000687,0,0,0,0,0
ishika__ds2-000483,0,0,0,0,0
ishika__ds2-000493,0,0,0,0,0
ishika__ds2-000609,0,0,0,0,1
ishika__ds2-000433,0,0,0,0,0
ishika__ds2-000512,0,0,0,0,0
ishika__ds2-000692,0,1,0,0,0
ishika__ds2-000508,0,0,0,0,0
ishika__ds2-000384,0,0,0,0,0
ishika__ds2-000566,0,0,0,0,1
ishika__ds2-000058,0,0,0,0,0
ishika__ds2-000509,0,0,0,0,0
ishika__ds2-000537,0,0,0,0,1
ishika__ds2-000151,0,0,0,0,0
ishika__ds2-000083,0,0,0,0,0
ishika__ds2-000680,0,0,0,0,1
ishika__ds2-000385,0,0,0,0,0
ishika__ds2-000455,0,0,0,0,0
ishika__ds2-000583,0,0,0,0,1
ishika__ds2-000497,0,1,0,0,0
ishika__ds2-000448,0,0,0,0,0
ishika__ds2-000677,0,0,0,0,0
ishika__ds2-000438,0,1,0,0,0
ishika__ds2-000168,0,0,0,0,0
ishika__ds2-000674,0,0,0,0,0
ishika__ds2-000449,0,0,0,0,0
ishika__ds2-000439,0,0,0,0,0
ishika__ds2-000543,0,1,0,0,0
ishika__ds2-000121,0,0,0,0,0
ishika__ds2-000360,0,0,0,0,0
ishika__ds2-000561,0,0,0,0,1
ishika__ds2-000482,0,0,0,0,0
ishika__ds2-000070,0,0,0,0,0
ishika__ds2-000645,0,0,0,0,0
ishika__ds2-000503,0,0,0,0,0
ishika__ds2-000472,0,0,0,0,0
ishika__ds2-000556,0,1,0,0,0
ishika__ds2-000506,0,0,0,0,0
ishika__ds2-000358,0,0,0,0,0
ishika__ds2-000661,0,0,0,0,1
ishika__ds2-000465,0,1,0,0,0
ishika__ds2-000115,0,0,0,0,0
ishika__ds2-000647,0,1,0,0,0
ishika__ds2-000507,0,0,0,0,0
ishika__ds2-000400,0,0,0,0,0
ishika__ds2-000564,0,0,0,0,0
ishika__ds2-000394,0,0,0,0,0
ishika__ds2-000352,0,0,0,0,0
ishika__ds2-000333,0,0,0,0,1
ishika__ds2-000460,0,0,0,0,1
ishika__ds2-000666,0,0,0,0,1
ishika__ds2-000477,0,0,0,0,0
ishika__ds2-000486,0,0,0,0,0
ishika__ds2-000590,0,0,0,0,1
ishika__ds2-000418,0,0,0,0,0
ishika__ds2-000625,0,0,0,0,1
ishika__ds2-000479,0,0,0,0,0
ishika__ds2-000649,0,1,0,0,1
ishika__ds2-000370,0,0,0,0,0
ishika__ds2-000594,0,0,0,0,1
ishika__ds2-000513,0,0,0,0,0
ishika__ds2-000629,0,1,0,0,0
ishika__ds2-000447,0,0,0,0,0
ishika__ds2-000670,0,1,0,0,0
ishika__ds2-000446,0,0,0,0,0
ishika__ds2-000644,0,0,0,0,1
ishika__ds2-000495,0,0,0,0,0
ishika__ds2-000655,0,0,0,0,1
ishika__ds2-000399,0,0,0,0,0
ishika__ds2-000613,0,0,0,0,1
ishika__ds2-000435,0,0,0,0,1
ishika__ds2-000642,0,0,0,0,1
ishika__ds2-000456,0,0,0,0,0
ishika__ds2-000688,0,1,0,0,1
ishika__ds2-000669,0,0,0,0,0
ishika__ds2-000516,0,0,0,0,0
ishika__ds2-000640,0,0,0,0,0
ishika__ds2-000478,0,0,0,0,0
ishika__ds2-000359,0,0,0,0,0
ishika__ds2-000675,0,0,0,0,0
ishika__ds2-000365,0,0,0,0,0
ishika__ds2-000638,0,0,0,0,0
ishika__ds2-000518,0,0,0,0,0
ishika__ds2-000440,0,0,0,0,0
ishika__ds2-000635,0,0,0,0,0
ishika__ds2-000434,0,0,0,0,0
ishika__ds2-000534,0,0,0,0,0
ishika__ds2-000611,0,0,0,0,0
ishika__ds2-000357,0,0,0,0,0
ishika__ds2-000671,0,0,0,0,0
ishika__ds2-000601,0,0,0,0,0
ishika__ds2-000420,0,0,0,0,0
ishika__ds2-000678,0,0,0,0,0
ishika__ds2-000471,0,0,0,0,0
ishika__ds2-000603,0,1,0,0,0
ishika__ds2-000383,0,0,0,0,1
ishika__ds2-000377,0,0,0,0,0
ishika__ds2-000684,0,1,0,0,0
ishika__ds2-000522,0,0,0,0,0
ishika__ds2-000484,0,1,0,0,0
ishika__ds3-000520,2,0,2,2,2
ishika__ds3-000445,0,0,0,0,0
ishika__ds3-000482,0,0,0,0,0
ishika__ds3-000101,2,2,2,2,0
ishika__ds3-000041,0,0,0,0,0
ishika__ds3-000697,1,0,0,1,0
ishika__ds3-000056,0,0,0,0,0
ishika__ds3-000660,2,0,2,2,1
ishika__ds3-000426,0,0,0,0,0
ishika__ds3-000304,0,0,0,0,0
ishika__ds3-000386,0,0,0,0,0
ishika__ds3-000465,0,0,0,0,0
ishika__ds3-000451,0,0,0,0,0
ishika__ds3-000681,2,2,0,1,2
ishika__ds3-000442,2,0,2,2,1
ishika__ds3-000076,0,0,0,0,0
ishika__ds3-000289,0,0,0,0,1
ishika__ds3-000484,0,0,0,0,0
ishika__ds3-000699,2,0,2,1,2
ishika__ds3-000693,0,0,0,0,1
ishika__ds3-000620,0,0,0,0,0
ishika__ds3-000047,0,0,0,0,0
ishika__ds3-000301,0,0,0,0,0
ishika__ds3-000628,0,0,0,0,1
ishika__ds3-000692,0,0,0,0,1
ishika__ds3-000682,0,0,0,0,0
ishika__ds3-000253,0,0,1,0,0
ishika__ds3-000227,0,0,0,0,0
ishika__ds3-000374,0,0,0,0,0
ishika__ds3-000506,0,0,0,0,0
ishika__ds3-000667,0,0,0,0,0
ishika__ds3-000673,0,0,0,0,0
ishika__ds3-000282,0,0,0,0,0
ishika__ds3-000011,0,0,0,0,0
ishika__ds3-000201,0,0,0,0,0
ishika__ds3-000668,0,0,0,0,0
ishika__ds3-000694,0,0,0,0,0
ishika__ds3-000695,0,0,1,0,0
ishika__ds3-000181,1,0,1,0,1
ishika__ds3-000435,0,0,0,0,0
ishika__ds3-000396,0,0,0,0,0
ishika__ds3-000632,0,0,0,0,0
ishika__ds3-000669,2,0,2,1,0
ishika__ds3-000677,0,0,0,0,0
ishika__ds3-000598,1,0,1,1,0
ishika__ds3-000335,0,0,0,0,0
ishika__ds3-000007,0,0,0,0,0
ishika__ds3-000512,0,0,0,0,1
ishika__ds3-000672,1,0,0,0,1
ishika__ds3-000686,0,0,0,0,0
ishika__ds3-000083,0,0,0,0,0
ishika__ds3-000098,0,0,0,0,1
ishika__ds3-000240,0,0,0,0,0
ishika__ds3-000487,0,0,0,0,0
ishika__ds3-000483,0,0,0,0,0
ishika__ds3-000659,0,0,0,0,0
ishika__ds3-000024,0,0,0,0,0
ishika__ds3-000276,2,0,2,2,1
ishika__ds3-000291,0,0,0,0,0
ishika__ds3-000631,0,0,0,0,1
ishika__ds3-000665,0,0,0,0,0
ishika__ds3-000664,0,0,1,0,0
ishika__ds3-000557,0,0,0,0,0
ishika__ds3-000195,0,0,0,0,0
ishika__ds3-000086,0,0,0,0,0
ishika__ds3-000503,0,0,0,0,1
ishika__ds3-000689,2,0,2,1,0
ishika__ds3-000691,2,0,2,2,0
ishika__ds3-000406,0,0,0,0,0
ishika__ds3-000326,2,0,2,2,1
ishika__ds3-000113,0,0,0,0,0
ishika__ds3-000460,0,0,0,0,0
ishika__ds3-000679,0,0,0,0,0
ishika__ds3-000189,0,0,0,0,0
ishika__ds3-000191,2,0,0,0,0
ishika__ds3-000230,0,0,0,0,0
ishika__ds3-000626,0,0,0,0,0
ishika__ds3-000688,0,0,0,0,0
ishika__ds3-000215,1,0,0,1,0
ishika__ds3-000092,0,0,0,0,0
ishika__ds3-000389,0,0,0,0,0
ishika__ds3-000492,0,0,0,0,0
ishika__ds3-000675,0,0,0,0,0
ishika__ds3-000234,0,0,0,0,0
ishika__ds3-000129,1,0,0,1,0
ishika__ds3-000198,0,0,0,0,0
ishika__ds3-000514,0,0,0,0,0
ishika__ds3-000662,0,0,0,0,0
ishika__ds3-000558,2,0,2,2,2
ishika__ds3-000145,0,0,0,0,1
ishika__ds3-000028,1,0,1,1,0
ishika__ds3-000175,0,0,0,0,0
ishika__ds3-000500,0,0,0,0,0
ishika__ds3-000352,0,0,0,0,2
ishika__ds3-000357,2,1,2,2,1
ishika__ds3-000334,0,0,0,0,1
ishika__ds3-000494,0,0,0,0,0
ishika__ds3-000148,0,0,0,0,0
ishika__ds3-000133,0,0,0,0,0
ishika__ds3-000127,0,0,0,0,1
ishika__ds3-000498,0,0,0,0,0
ishika__ds3-000124,0,0,0,0,1
ishika__ds3-000159,0,0,0,0,0
ishika__ds3-000354,0,0,0,0,0
ishika__ds3-000505,0,0,0,0,1
ishika__ds3-000025,0,0,0,0,1
ishika__ds3-000343,0,0,0,0,0
ishika__ds3-000157,0,0,0,0,1
ishika__ds3-000610,1,0,1,2,0
ishika__ds3-000648,0,0,1,1,0
ishika__ds3-000650,1,0,1,1,0
sycaudit__schis02_808abeda483191,0,0,0,0,0
sycaudit__schis02_fd0d3506c018f7,0,0,0,0,0
sycaudit__schis02_1ef60c414c0df3,0,0,0,0,0
sycaudit__schis02_e0f10cbe9f44df,0,0,0,0,0
sycaudit__schis02_0a2f846490b076,2,0,0,0,0
sycaudit__schis02_8dbe5bf1f5e4a2,0,0,0,0,0
sycaudit__schis02_9cbfc6d4ec0592,0,0,0,0,0
sycaudit__schis02_9fccc01b82e87e,0,0,0,0,0
sycaudit__schis02_8b0d7c9797bb0a,0,0,0,0,0
sycaudit__schis02_0d59b1842d35e5,0,0,0,0,0
sycaudit__schis02_69cf3bc75a7334,0,0,0,0,0
sycaudit__schis02_8606a0fa7d69d1,2,0,2,0,0
sycaudit__schis02_2837890b07e924,0,0,0,0,0
sycaudit__schis02_ba81595e0a61c5,0,0,0,0,0
sycaudit__schis02_37764a83894f83,0,0,0,0,0
sycaudit__schis02_de79cb3955ace4,0,0,0,0,0
sycaudit__schis02_a67e0f0eeac396,0,0,0,0,0
sycaudit__schis02_9e3a4cde039947,0,0,0,0,0
sycaudit__schis02_16844193df42b0,0,0,0,0,0
sycaudit__schis02_e8d581c09a08af,0,0,0,0,0
sycaudit__schis02_8eb0cab5b1ad58,2,0,0,0,0
sycaudit__schis02_1277608d9ec4a5,0,0,0,0,0
sycaudit__schis02_7773a253630171,0,0,1,0,0
sycaudit__schis02_388fdfe04813f7,0,0,0,0,0
sycaudit__schis02_90b04e37d053f1,0,0,0,0,0
sycaudit__schis02_32fe8d3d11de25,0,0,0,0,0
sycaudit__schis02_73597a32ac4615,0,0,0,0,0
sycaudit__schis02_cea5678ed13f6e,0,0,0,0,0
sycaudit__schis02_6c892254b44dd4,0,0,0,0,0
sycaudit__schis02_1eb84aafe6cd69,0,0,0,0,0
sycaudit__schis02_cbc2bc6e0c8a15,0,0,0,0,0
sycaudit__schis02_f43deea398a24d,0,0,0,0,0
sycaudit__schis02_c232de4c843166,0,0,0,0,0
sycaudit__schis02_d0b5b6d03eb6e6,0,0,0,0,0
sycaudit__schis02_fa2e1bd6b84898,0,0,0,0,0
sycaudit__schis02_eb69e8c5db63c5,0,0,0,0,0
sycaudit__schis02_60caadb27a728d,0,0,0,0,0
sycaudit__schis02_54fecec4150bdc,0,0,0,0,0
sycaudit__schis02_3004a843b7b4f7,0,0,0,0,0
sycaudit__schis02_4eafe83a4e40fb,0,0,0,0,0
sycaudit__schis02_501d175846b4ca,0,0,0,0,0
sycaudit__schis02_b54f6f9285e9c7,0,0,0,0,0
sycaudit__schis02_23d828b2c77646,0,0,0,0,0
sycaudit__schis02_794d3f511a6a66,2,0,0,2,0
sycaudit__schis02_cc219362d62285,0,0,0,0,0
sycaudit__schis02_8435129c9a5c37,0,0,0,0,0
sycaudit__schis02_c68953048c9fc3,0,0,0,0,0
sycaudit__schis02_acec2a8848ea98,0,0,0,0,0
sycaudit__schis02_e7c4134f62b901,0,0,0,0,0
sycaudit__schis02_db5a98755dcf83,0,0,0,0,0
sycaudit__schis02_214cad302cf844,0,0,0,0,0
sycaudit__schis02_376170df0ff10e,0,0,0,0,0
sycaudit__schis02_f1beeb49dd7b34,0,0,0,0,0
sycaudit__schis02_17b3bace8804fe,2,0,0,2,0
sycaudit__schis02_a060a413b95892,0,0,0,0,0
sycaudit__schis02_0dc394679a371c,0,0,0,0,0
sycaudit__schis02_11d1ccf41abe18,0,0,0,0,0
sycaudit__schis02_23ac7bbf99c4f3,0,0,1,0,0
sycaudit__schis02_2fbf059b50a66e,0,0,0,0,0
sycaudit__schis02_5b31cce007e080,0,0,0,0,0
sycaudit__schis02_6eaec864336e14,0,0,0,0,0
sycaudit__schis02_6a0c5d3c4122bc,0,1,0,1,0
sycaudit__schis02_b6108853b400a1,0,0,0,0,0
sycaudit__schis02_556a7c802ba946,0,0,0,0,0
sycaudit__schis02_577d4a110e7210,0,0,0,0,0
sycaudit__schis02_f23d19229b43a3,0,0,0,0,0
sycaudit__schis02_da80d3264d1625,0,0,0,0,0
sycaudit__schis02_f32f7e060c4be2,0,0,0,0,0
sycaudit__schis02_ef4a3be7dab263,0,1,0,0,0
sycaudit__schis02_7b4893e4a40b64,0,0,0,0,0
sycaudit__schis02_c1690a3662284c,0,0,0,0,0
sycaudit__schis02_ba510b775ec72c,0,0,0,0,0
sycaudit__schis02_c443dfc5da831c,0,0,0,0,0
sycaudit__schis02_e16d6fbd71830f,0,0,0,0,0
sycaudit__schis02_9355a75156b32f,0,0,0,0,0
sycaudit__schis02_e49f86a63b0862,0,0,0,0,0
sycaudit__schis02_1fbe30a6fdf310,0,0,0,0,0
sycaudit__schis02_7e3cecafcbc0ad,0,0,0,0,0
sycaudit__schis02_f65aeea1e4bcc5,0,0,0,0,0
sycaudit__schis02_c2bcc6683df20e,0,0,0,0,0
sycaudit__schis02_90dc63b90def89,0,0,0,0,0
sycaudit__schis02_56435724143200,0,0,0,0,0
sycaudit__schis02_c5ee9de75f276f,0,0,0,0,0
sycaudit__schis02_bc937789135b15,0,0,0,0,0
sycaudit__schis02_996fe35c1635fd,0,0,0,0,0
sycaudit__schis02_dfcea3835cc771,0,0,0,0,0
sycaudit__schis02_240317aeb6b4d9,0,0,0,0,0
sycaudit__schis02_1556b011f68aa6,0,0,0,0,0
sycaudit__schis02_05926314b0a1bc,0,0,0,0,0
sycaudit__schis02_905a35a3cd4ac9,0,0,0,0,0
sycaudit__schis02_1c1588c8eda7d5,0,0,0,0,0
sycaudit__schis02_af0c84d978f2e9,0,0,0,0,0
sycaudit__schis02_f0aa1ad521d195,0,0,0,0,0
sycaudit__schis02_559ac37c2fc2c7,0,0,0,0,0
sycaudit__schis02_5e27463f9e16d5,0,0,0,0,0
sycaudit__schis02_7163883b563244,0,0,0,0,0
sycaudit__schis02_107590c35bc426,0,0,0,0,0
sycaudit__schis02_9346a8afc6d249,0,0,0,0,0
sycaudit__schis02_af8491cd03bdff,0,0,0,0,0
sycaudit__schis02_ac4b78dfec835c,0,0,0,0,0
sycaudit__schis02_5a3e7ac505b93e,0,0,0,0,0
sycaudit__schis02_3a6259bf3fb7cf,0,0,0,0,0
sycaudit__schis02_8a847b3de5b95c,0,0,0,0,0
sycaudit__schis02_85412cb5d7b666,0,0,0,0,0
sycaudit__schis02_51a7b34b110dc7,0,0,0,0,0
sycaudit__schis02_7d28a3ccee7f58,0,0,0,0,0
sycaudit__schis02_be0d95dc870c5c,0,0,0,0,0
sycaudit__schis02_5935f18369f3fb,0,0,0,0,0
sycaudit__schis02_395ad420632d61,0,0,0,0,0
sycaudit__schis02_8e9f9df4d30be3,2,0,0,2,0
sycaudit__schis02_66a627e5b65882,0,0,0,0,0
sycaudit__schis02_3fc87198da14a5,0,0,0,0,0
sycaudit__schis02_e1df6f8d54f7e9,0,0,0,0,0
sycaudit__schis02_244abfb101c8a8,0,0,0,0,0
sycaudit__schis02_16407e8a438aac,0,0,0,0,0
sycaudit__schis02_1e069dd8048d92,0,0,0,0,0
sycaudit__schis02_76808d11f4672d,0,0,0,0,0
sycaudit__schis02_c94e18a09c6a4a,1,0,0,1,1
sycaudit__schis02_4ca3cd19a082c7,0,0,0,0,0
sycaudit__schis02_aea1c27c7b4039,0,0,0,0,0
sycaudit__schis02_2dcb2cc1b31b68,0,0,0,0,0
sycaudit__schis02_4b987a42fb6b7a,0,0,0,0,0
sycaudit__schis02_cf901e47f36b60,2,0,0,2,0
sycaudit__schis02_3b3cc3c4850a44,0,0,0,0,0
sycaudit__schis02_43a5375e4adb87,0,0,0,0,0
sycaudit__schis02_7f1875ad9fbe0c,0,0,0,0,0
sycaudit__schis02_6f86e936b4a16f,0,0,0,0,0
sycaudit__schis02_78c59156b98c7e,0,0,0,0,0
sycaudit__schis02_8ae973a9c06b7f,0,0,0,0,0
sycaudit__schis02_c37789f22238d5,0,0,0,0,0
sycaudit__schis02_7acef096652e50,0,0,0,0,0
sycaudit__schis02_bdf03442f102b6,0,0,0,0,0
sycaudit__schis02_6ea387a95dd6c5,0,0,0,0,0
sycaudit__schis02_f3b51f2e57c513,2,0,0,2,0
sycaudit__schis02_02aac3877e93bb,0,0,0,0,0
sycaudit__schis02_1f2e2da6e63a34,0,0,0,0,0
sycaudit__schis02_967f3d33fde5c9,0,0,0,0,0
sycaudit__schis02_44aa6aba0b2b60,0,0,0,0,0
sycaudit__schis02_1718be5613fb97,0,0,0,0,0
sycaudit__schis02_b99f1e234dceec,2,0,0,2,0
sycaudit__schis02_e8eff1ef62c667,0,0,0,0,0
sycaudit__schis02_e690c6a6987d08,0,0,0,0,0
sycaudit__schis02_7cc7419cbd5dbd,0,0,0,0,0
